{
    "fileList":[
		{
            "hash":"7066be2b641cf34eb9083736e508f8bc553f0654a5ed5761368bfb7c700ba4ae",
            "path":"sensor/firmware/lidar_app.zlib"
        },
        	{
            "hash":"e365dad7bc8e9e0f46d384e6cf67a41b6d3d1eda17f190a9bbabcb41fe0f2ad8",
            "path":"sensor/conf/lidar_update_process.xml"
        },
		{
            "hash":"0d9e975987c8fb96c1aeb1c4288be2c4da4a01c6585e9dd08948276f4d349cf7",
            "path":"sensor/firmware/T79_STD_Firmv05.01.03_OTS_20220819.s19"
        },
		{
            "hash":"436e27757e752687064e5ec1b158cb0fbdac9654b160e5acce7cb85ae62cee6f",
            "path":"sensor/conf/srr_update_process.xml"
        },
        	{
            "hash":"e27e1a7d5fc6432b58590988036cbfb1cc1ea0d72f9093bbb4ed7e4ef5f44169",
            "path":"sensor/conf/sensor_manifest.xml"
        },
		{
            "hash":"fce5de4451c844a20f1fe643a35bc0c32e3a70edd09ddb57d1452964ac3bd89a",
            "path":"sensor/firmware/EP40_USSC_APP_V05.00.01_20220718.s19"
        },
		{
            "hash":"0ad41fee5ddeeb46b82a7038c8a41a710414f63fbb798d8736582a537e5512ba",
            "path":"sensor/firmware/EP40_USSC_CAL_V05.00.01_20220718.s19"
        },
		{
            "hash":"7190903e5c58514b39ab631681ab7ec5728ccb7e72cf8fbbd7c5c36009a650ac",
            "path":"sensor/firmware/EP40_USSC_SBL_20220329.s19"
        },
        	{
            "hash":"d76240134571b9da3c0cfc51c604920b393c14e08e3e37561a24244b09928a26",
            "path":"sensor/conf/ussc_update_process.xml"
        }
    ]
}
