<PkgCfg>
    <Version>0.1</Version>
    <ProcessProportion>0.1</ProcessProportion>

    <Sensor>
        <Name>SRR_FL</Name>
        <UpdateType>docan</UpdateType>
        <CanidTx>7C4</CanidTx>
        <CanidRx>7D4</CanidRx>
        <FunctionAddr>7DF</FunctionAddr>
        <LogicalAddr>10C4</LogicalAddr>
        <HaveFileSystem>False</HaveFileSystem>
        <PartNumber>S40-3603020</PartNumber>
        <SupplierCode>9AL</SupplierCode>
        <TargetVersion>05.01.03</TargetVersion>
        <UpdateSequence>0</UpdateSequence>
        <File>
            <AppFirmware>
                <Name>sensor/firmware/T79_STD_Firmv05.01.03_OTS_20220819.s19</Name>
            </AppFirmware>
            <ProcessFile>
                <Name>sensor/conf/srr_update_process.xml</Name>
            </ProcessFile>
        </File>
    </Sensor>

    <Sensor>
        <Name>SRR_FR</Name>
        <UpdateType>docan</UpdateType>
        <CanidTx>7C7</CanidTx>
        <CanidRx>7D7</CanidRx>
        <FunctionAddr>7DF</FunctionAddr>
        <LogicalAddr>10C7</LogicalAddr>
        <HaveFileSystem>False</HaveFileSystem>
        <PartNumber>S40-3603020</PartNumber>
        <SupplierCode>9AL</SupplierCode>
        <TargetVersion>05.01.03</TargetVersion>
        <UpdateSequence>0</UpdateSequence>
        <File>
            <AppFirmware>
                <Name>sensor/firmware/T79_STD_Firmv05.01.03_OTS_20220819.s19</Name>
            </AppFirmware>
            <ProcessFile>
                <Name>sensor/conf/srr_update_process.xml</Name>
            </ProcessFile>
        </File>
    </Sensor>

    <Sensor>
        <Name>SRR_RL</Name>
        <UpdateType>docan</UpdateType>
        <CanidTx>7C8</CanidTx>
        <CanidRx>7D8</CanidRx>
        <FunctionAddr>7DF</FunctionAddr>
        <LogicalAddr>10C8</LogicalAddr>
        <HaveFileSystem>False</HaveFileSystem>
        <PartNumber>S40-3603020</PartNumber>
        <SupplierCode>9AL</SupplierCode>
        <TargetVersion>05.01.03</TargetVersion>
        <UpdateSequence>0</UpdateSequence>
        <File>
            <AppFirmware>
                <Name>sensor/firmware/T79_STD_Firmv05.01.03_OTS_20220819.s19</Name>
            </AppFirmware>
            <ProcessFile>
                <Name>sensor/conf/srr_update_process.xml</Name>
            </ProcessFile>
        </File>
    </Sensor>

    <Sensor>
        <Name>SRR_RR</Name>
        <UpdateType>docan</UpdateType>
        <CanidTx>7C9</CanidTx>
        <CanidRx>7D9</CanidRx>
        <FunctionAddr>7DF</FunctionAddr>
        <LogicalAddr>10C9</LogicalAddr>
        <HaveFileSystem>False</HaveFileSystem>
        <PartNumber>S40-3603020</PartNumber>
        <SupplierCode>9AL</SupplierCode>
        <TargetVersion>05.01.03</TargetVersion>
        <UpdateSequence>0</UpdateSequence>
        <File>
            <AppFirmware>
                <Name>sensor/firmware/T79_STD_Firmv05.01.03_OTS_20220819.s19</Name>
            </AppFirmware>
            <ProcessFile>
                <Name>sensor/conf/srr_update_process.xml</Name>
            </ProcessFile>
        </File>
    </Sensor>
    
    <Sensor>
        <Name>USSC</Name>
        <UpdateType>docan</UpdateType>
        <CanidTx>7CC</CanidTx>
        <CanidRx>7DC</CanidRx>
        <FunctionAddr>7DF</FunctionAddr>
        <LogicalAddr>10CC</LogicalAddr>
        <HaveFileSystem>False</HaveFileSystem>
        <PartNumber>C40-7900013</PartNumber>
        <SupplierCode>9YB</SupplierCode>
        <TargetVersion>05.01.01</TargetVersion>
        <UpdateSequence>0</UpdateSequence>
        <File>
            <BootFirmware>
                <Name>sensor/firmware/EP40_USSC_SBL_20220329.s19</Name>
            </BootFirmware>
            <AppFirmware>
                <Name>sensor/firmware/EP40_USSC_APP_V05.00.01_20220718.s19</Name>
            </AppFirmware>
            <CalFirmware>
                <Name>sensor/firmware/EP40_USSC_CAL_V05.00.01_20220718.s19</Name>
            </CalFirmware>
            <ProcessFile>
                <Name>sensor/conf/ussc_update_process.xml</Name>
            </ProcessFile>
        </File>
    </Sensor>

    <Sensor>
        <Name>LIDAR_FL</Name>
        <UpdateType>doip</UpdateType>
        <Ip>172.17.5.85</Ip>
        <LogicalAddr>10CA</LogicalAddr>
        <HaveFileSystem>False</HaveFileSystem>
        <FunctionAddr>E400</FunctionAddr>
        <PartNumber>S40-3602010</PartNumber>
        <SupplierCode>9HW</SupplierCode>
        <TargetVersion>05.01.01</TargetVersion>
        <UpdateSequence>0</UpdateSequence>
        <File>
            <AppFirmware>
                <Name>sensor/firmware/lidar_app.zlib</Name>
            </AppFirmware>
            <ProcessFile>
                <Name>sensor/conf/lidar_update_process.xml</Name>
            </ProcessFile>
        </File>
    </Sensor>

    <Sensor>
        <Name>LIDAR_FR</Name>
        <UpdateType>doip</UpdateType>
        <Ip>172.17.5.86</Ip>
        <LogicalAddr>10CB</LogicalAddr>
        <HaveFileSystem>False</HaveFileSystem>
        <FunctionAddr>E400</FunctionAddr>
        <PartNumber>S40-3602010</PartNumber>
        <SupplierCode>9HW</SupplierCode>
        <TargetVersion>05.01.01</TargetVersion>
        <UpdateSequence>0</UpdateSequence>
        <File>
            <AppFirmware>
                <Name>sensor/firmware/lidar_app.zlib</Name>
            </AppFirmware>
            <ProcessFile>
                <Name>sensor/conf/lidar_update_process.xml</Name>
            </ProcessFile>
        </File>
    </Sensor>
</PkgCfg>
