{
    "fileList":[
		{
            "hash":"7066be2b641cf34eb9083736e508f8bc553f0654a5ed5761368bfb7c700ba4ae",
            "path":"sensor/firmware/lidar_app.zlib"
        },
        	{
            "hash":"e365dad7bc8e9e0f46d384e6cf67a41b6d3d1eda17f190a9bbabcb41fe0f2ad8",
            "path":"sensor/conf/lidar_update_process.xml"
        },
		{
            "hash":"0d9e975987c8fb96c1aeb1c4288be2c4da4a01c6585e9dd08948276f4d349cf7",
            "path":"sensor/firmware/T79_STD_Firmv05.01.03_OTS_20220819.s19"
        },
		{
            "hash":"436e27757e752687064e5ec1b158cb0fbdac9654b160e5acce7cb85ae62cee6f",
            "path":"sensor/conf/srr_update_process.xml"
        },
        	{
            "hash":"953596a8e6f3e2b46f8b4b53ed4c81db189f2f4462581b2e4b7bcc471ba22cef",
            "path":"sensor/conf/sensor_manifest.xml"
        }
    ]
}
